{
    "name": "entity_1",
    "$schema": "https://json-schema.org/draft/2020-12/schema",
    "description": "",
    "type": "object",
    "id": "_EN_x7gzpa3yuy",
    "y": 4,
    "properties": {
        "collectionname": {
            "name": "collectionname",
            "format": "",
            "type": "string",
            "description": "",
            "default": "",
            "__n__metadata__": {
                "id": "_Att_32x1zqn3ea",
                "nullable": false
            }
        }
    },
    "required": [
        "collectionname"
    ],
    "value": "",
    "x": 88.765625
}
