{
    "keep": {
        "days": true,
        "amount": 30
    },
    "auditLog": "logs\\.aad5f5af28b82b82ae6fc258fd6dea7099cbcb5c-audit.json",
    "files": [
        {
            "date": 1671001082029,
            "name": "logs\\console.log.14-12-2022",
            "hash": "bc8f0eef0a4bbcca24b329e507b6b773de7d0261757dead22ace78e8f667387f"
        },
        {
            "date": 1671078973378,
            "name": "logs\\console.log.15-12-2022",
            "hash": "e562b12b5a4a6dab8f4264de088c9dbb8157f941f36fa02f222ed9aafe9205ef"
        },
        {
            "date": 1671168759764,
            "name": "logs\\console.log.16-12-2022",
            "hash": "ce0745ee79f7e77e1af60940d0c09cf5ac3439c2fbc8eb1b08951a905646922b"
        },
        {
            "date": 1671450657643,
            "name": "logs\\console.log.19-12-2022",
            "hash": "83821efa60db34033ab318c08a1eef533c72011cf2b4b65c0d18bba8901353c7"
        },
        {
            "date": 1671546292359,
            "name": "logs\\console.log.20-12-2022",
            "hash": "01b88ecf4c27c99b5099d4f7253440b185a5a3a1e207135b3ebad9508f8bb75c"
        },
        {
            "date": 1671601676137,
            "name": "logs\\console.log.21-12-2022",
            "hash": "06674d989d972d80cd015f481d662ea02b2a600ca1b3f99ec60fcb4c44b888ae"
        },
        {
            "date": 1671687026078,
            "name": "logs\\console.log.22-12-2022",
            "hash": "43928b462c638f34850f9a55b1f7290d537af778b320654ac613511d2055785c"
        },
        {
            "date": 1672044412535,
            "name": "logs\\console.log.26-12-2022",
            "hash": "e23b6041c8b8160059975c143ca879e34d86f4e1b95cbf2912c36801207f4c3a"
        },
        {
            "date": 1672119442434,
            "name": "logs\\console.log.27-12-2022",
            "hash": "7b0f4979bb237c115ec60ae11e525802be54bec2e6bb443395740bfcc46c360e"
        },
        {
            "date": 1672201744808,
            "name": "logs\\console.log.28-12-2022",
            "hash": "76431f3df531040ca501c289b4619671d728c8a59f8996047a73e75b8eae60d3"
        },
        {
            "date": 1672292472706,
            "name": "logs\\console.log.29-12-2022",
            "hash": "2b4417119186fba6c16e0278aea13e48316a4af743ec5414be7497b3b70f512d"
        },
        {
            "date": 1672382859861,
            "name": "logs\\console.log.30-12-2022",
            "hash": "5da769cc9f735666b48c88e248f29d13d0a51ca7134ba4eb94d1321084e06970"
        },
        {
            "date": 1672460093994,
            "name": "logs\\console.log.31-12-2022",
            "hash": "cfa70ce0be275522bff73469ac50754b3991c0641439a7a370551578c4763201"
        },
        {
            "date": 1672640619898,
            "name": "logs\\console.log.02-01-2023",
            "hash": "c1f5db0a362b8cd571ff7cab0696783b9a1b04f23980a1b88d6e45b535b253fb"
        },
        {
            "date": 1672905494567,
            "name": "logs\\console.log.05-01-2023",
            "hash": "4494fa9e397072d89732ad5ccd736d62488617869afcfa01c9b4f3ca730c59ad"
        },
        {
            "date": 1673009470599,
            "name": "logs\\console.log.06-01-2023",
            "hash": "56e2c2b655a1b6e0e4bd95d086095a6f16e169a807c703e7e244ac905bcfc465"
        },
        {
            "date": 1673243918896,
            "name": "logs\\console.log.09-01-2023",
            "hash": "97ff0f13b02ebbaeb4b417bf27f7bf5fc5d3796694de65a55c6771cd084aa09a"
        },
        {
            "date": 1673332916344,
            "name": "logs\\console.log.10-01-2023",
            "hash": "a4a1b9deb3f74c47e6b1aecd14602e6a95bb1f01fae10dae828fffb1ee7cf078"
        },
        {
            "date": 1673427691882,
            "name": "logs\\console.log.11-01-2023",
            "hash": "1111c979f5811f9e0ec4eed7791f33db664d842291b493419011e205c46b9b4a"
        },
        {
            "date": 1673502694044,
            "name": "logs\\console.log.12-01-2023",
            "hash": "778a87e9be9813ab30a516f373d3ad98f078227474b20aa9ec6f3a31312d5580"
        }
    ],
    "hashType": "sha256"
}